src,title,date
https://img.wowtv.co.kr/vodimg/E20210723/A000000000000_20210723091822135.jpg,카카오게임즈(293490),2021.07.23
https://img.wowtv.co.kr/vodimg/E20210723/A000000000000_20210723091504040.jpg,에스엠(041510),2021.07.23
https://img.wowtv.co.kr/vodimg/E20210723/A000000000000_20210723091334234.jpg,카카오게임즈(293490),2021.07.23
https://img.wowtv.co.kr/vodimg/E20210723/A000000000000_20210723091233192.jpg,호텔신라(008770),2021.07.23
https://img.wowtv.co.kr/vodimg/E20210723/A000000000000_20210723090615985.jpg,테크윙(089030),2021.07.23
https://img.wowtv.co.kr/vodimg/E20210723/A000000000000_20210723090522399.jpg,삼성전자(005930),2021.07.23
https://img.wowtv.co.kr/vodimg/E20210722/A000000000000_20210722085928280.jpg,금호타이어(073240),2021.07.22
https://img.wowtv.co.kr/vodimg/E20210722/A000000000000_20210722085828255.jpg,두산퓨얼셀(336260),2021.07.22
https://img.wowtv.co.kr/vodimg/E20210722/A000000000000_20210722085715164.jpg,삼성물산(028260),2021.07.22
https://img.wowtv.co.kr/vodimg/E20210722/A000000000000_20210722085559933.jpg,메디톡스(086900),2021.07.22
https://img.wowtv.co.kr/vodimg/E20210722/A000000000000_20210722085453865.jpg,카카오(035720),2021.07.22
https://img.wowtv.co.kr/vodimg/E20210721/A000000000000_20210721094526847.jpg,F&F(383220),2021.07.21
https://img.wowtv.co.kr/vodimg/E20210721/A000000000000_20210721094241648.jpg,알체라(347860),2021.07.21
https://img.wowtv.co.kr/vodimg/E20210721/A000000000000_20210721094006071.jpg,일진머티리얼즈(020150),2021.07.21
https://img.wowtv.co.kr/vodimg/E20210721/A000000000000_20210721093738264.jpg,조일알미늄(018470),2021.07.21
https://img.wowtv.co.kr/vodimg/E20210721/A000000000000_20210721093531534.jpg,현대위아(011210),2021.07.21
https://img.wowtv.co.kr/vodimg/E20210720/A000000000000_20210720091000155.jpg,신일전자(002700),2021.07.20
https://img.wowtv.co.kr/vodimg/E20210720/A000000000000_20210720090851481.jpg,한미반도체(042700),2021.07.20
https://img.wowtv.co.kr/vodimg/E20210720/A000000000000_20210720090758814.jpg,현대차(005380),2021.07.20
https://img.wowtv.co.kr/vodimg/E20210720/A000000000000_20210720090628937.jpg,상아프론테크(089980),2021.07.20
https://img.wowtv.co.kr/vodimg/E20210720/A000000000000_20210720090510081.jpg,대한유화(006650),2021.07.20
https://img.wowtv.co.kr/vodimg/E20210719/A000000000000_20210719103318201.jpg,에스디바이오센서(137310),2021.07.19
https://img.wowtv.co.kr/vodimg/E20210719/A000000000000_20210719102458077.jpg,오스템임플란트(048260),2021.07.19
https://img.wowtv.co.kr/vodimg/E20210719/A000000000000_20210719102306927.jpg,키다리스튜디오(020120),2021.07.19
